id,title,description,photo,price,category_id,status_id,seller_id,created,updated
14,Lepus arcticus,Arabis schistacea Rollins,no_image.png,2426,14,1,55,2024-02-02 18:25:23,2024-02-02 18:25:23
16,Geochelone radiata,Lespedeza stuevei Nutt.,no_image.png,7470,16,2,56,2024-02-02 18:25:23,2024-02-02 18:25:23
17,Gorilla gorilla,Drymaria pachyphylla Wooton & Standl.,no_image.png,28,5,2,57,2024-02-02 18:25:23,2024-02-02 18:25:23
18,Acrantophis madagascariensis,Caesalpinia monensis Britton,no_image.png,2844,12,2,58,2024-02-02 18:25:23,2024-02-02 18:25:23
19,Bubo sp.,Aspicilia myrinii (Fr.) Stein,no_image.png,5416,7,2,59,2024-02-02 18:25:23,2024-02-02 18:25:23
20,Theropithecus gelada,Costus malortieanus H. Wendl.,no_image.png,7130,7,1,60,2024-02-02 18:25:23,2024-02-02 18:25:23
21,Canis lupus baileyi,Bromus aleutensis Trin. ex Griseb.,no_image.png,7156,4,1,61,2024-02-02 18:25:23,2024-02-02 18:25:23
22,Madoqua kirkii,Jepsonia heterandra Eastw.,no_image.png,8035,13,1,62,2024-02-02 18:25:23,2024-02-02 18:25:23
23,Cervus duvauceli,Encelia resinifera C. Clark ssp. tenuifolia C. Clark,no_image.png,8189,4,3,63,2024-02-02 18:25:23,2024-02-02 18:25:23
24,Phoca vitulina,Janusia gracilis A. Gray,no_image.png,1637,5,3,64,2024-02-02 18:25:23,2024-02-02 18:25:23
25,Geospiza sp.,Cirsium fontinale (Greene) Jeps. var. obispoense J.T. Howell,no_image.png,7491,1,3,65,2024-02-02 18:25:23,2024-02-02 18:25:23
26,Stercorarius longicausus,Cymopterus basalticus M.E. Jones,no_image.png,3472,14,3,66,2024-02-02 18:25:23,2024-02-02 18:25:23
27,Anser caerulescens,Cinnamomum aromaticum Nees,no_image.png,5031,18,3,67,2024-02-02 18:25:23,2024-02-02 18:25:23
28,Sauromalus obesus,Physcia duplicorticata W.A. Weber & J.W. Thomson,no_image.png,9390,11,3,68,2024-02-02 18:25:23,2024-02-02 18:25:23
29,Damaliscus dorcas,Eupatorium hyssopifolium L.,no_image.png,6185,12,3,69,2024-02-02 18:25:23,2024-02-02 18:25:23
30,Ceratotherium simum,Rimularia insularis (Nyl.) Rambold & Hertel,no_image.png,6781,4,1,70,2024-02-02 18:25:23,2024-02-02 18:25:23
31,Tyto novaehollandiae,Solanum pseudocapsicum L.,no_image.png,4645,1,2,71,2024-02-02 18:25:23,2024-02-02 18:25:23
32,Bubalus arnee,Plantago rugelii Decne.,no_image.png,7400,3,2,72,2024-02-02 18:25:23,2024-02-02 18:25:23
33,Felis chaus,Madia elegans D. Don ex Lindl. ssp. densifolia (Greene) D.D. Keck,no_image.png,877,13,2,73,2024-02-02 18:25:23,2024-02-02 18:25:23
34,Ara chloroptera,Tectaria fimbriata (Willd.) Proctor & Lourteig,no_image.png,9788,8,1,74,2024-02-02 18:25:23,2024-02-02 18:25:23
35,Creagrus furcatus,Buellia wheeleri R.C. Harris,no_image.png,780,11,3,75,2024-02-02 18:25:23,2024-02-02 18:25:23
36,Crotalus adamanteus,Hedysarum boreale Nutt.,no_image.png,9579,9,1,76,2024-02-02 18:25:23,2024-02-02 18:25:23
37,Pycnonotus barbatus,Rubus navus L.H. Bailey,no_image.png,4002,6,3,77,2024-02-02 18:25:23,2024-02-02 18:25:23
38,Coluber constrictor foxii,Gilia tenuiflora Benth. ssp. amplifaucalis A.D. Grant & V.E. Grant,no_image.png,555,20,3,55,2024-02-02 18:25:23,2024-02-02 18:25:23
39,Upupa epops,Clermontia oblongifolia Gaudich. ssp. oblongifolia,no_image.png,2504,18,1,56,2024-02-02 18:25:23,2024-02-02 18:25:23
40,Acrantophis madagascariensis,Heterotheca sessiliflora (Nutt.) Shinners ssp. echioides (Benth.) Semple var. echioides,no_image.png,1502,13,3,57,2024-02-02 18:25:23,2024-02-02 18:25:23
41,Connochaetus taurinus,Aristida purpurea Nutt. var. nealleyi (Vasey) Allred,no_image.png,8168,3,2,58,2024-02-02 18:25:23,2024-02-02 18:25:23
42,Sarcorhamphus papa,Podocarpus nubigenus Lindl.,no_image.png,5842,12,1,59,2024-02-02 18:25:23,2024-02-02 18:25:23
43,Merops bullockoides,Carex scopulorum T. Holm var. bracteosa (L.H. Bailey) F.J. Herm.,no_image.png,4601,16,3,60,2024-02-02 18:25:23,2024-02-02 18:25:23
44,Trichoglossus chlorolepidotus,Rubus uniformis L.H. Bailey,no_image.png,4942,16,1,61,2024-02-02 18:25:23,2024-02-02 18:25:23
45,Paraxerus cepapi,Marsypianthes Mart. ex Benth.,no_image.png,9789,12,2,62,2024-02-02 18:25:23,2024-02-02 18:25:23
46,Spizaetus coronatus,Aegle Corr. Serr.,no_image.png,4004,12,1,63,2024-02-02 18:25:23,2024-02-02 18:25:23
47,Zonotrichia capensis,Lycium fremontii A. Gray,no_image.png,5843,19,3,64,2024-02-02 18:25:23,2024-02-02 18:25:23
48,Phalacrocorax niger,Uniola paniculata L.,no_image.png,4098,11,2,65,2024-02-02 18:25:23,2024-02-02 18:25:23
49,Orcinus orca,Delissea niihauensis H. St. John ssp. kauaiensis (Lammers) Lammers,no_image.png,2605,16,2,66,2024-02-02 18:25:23,2024-02-02 18:25:23
50,Hippopotamus amphibius,Senecio sphaerocephalus Greene,no_image.png,9074,1,2,67,2024-02-02 18:25:23,2024-02-02 18:25:23
51,Callorhinus ursinus,Desmatodon heimii (Hedw.) Mitt.,no_image.png,2042,20,1,68,2024-02-02 18:25:23,2024-02-02 18:25:23
52,Oryx gazella callotis,Sanguisorba canadensis L.,no_image.png,5882,4,1,69,2024-02-02 18:25:23,2024-02-02 18:25:23
53,Casmerodius albus,Xanthoparmelia psoromifera (Kurok.) Hale,no_image.png,3181,14,1,70,2024-02-02 18:25:23,2024-02-02 18:25:23
54,Philetairus socius,Polemonium pulcherrimum Hook. ssp. lindleyi (Wherry) V.E. Grant,no_image.png,6428,12,1,71,2024-02-02 18:25:23,2024-02-02 18:25:23
55,Estrilda erythronotos,Phacelia cookei Constance & Heckard,no_image.png,993,7,3,72,2024-02-02 18:25:23,2024-02-02 18:25:23
56,Phasianus colchicus,Symphoricarpos albus (L.) S.F. Blake var. albus,no_image.png,5614,17,1,73,2024-02-02 18:25:23,2024-02-02 18:25:23
57,Felis silvestris lybica,Rosa nutkana C. Presl var. nutkana,no_image.png,2641,9,2,74,2024-02-02 18:25:23,2024-02-02 18:25:23
58,Loris tardigratus,Lisianthius laxiflorus Urb.,no_image.png,4619,10,1,75,2024-02-02 18:25:23,2024-02-02 18:25:23
59,Lemur fulvus,Gentianopsis macrantha (D. Don ex G. Don) Iltis,no_image.png,5924,11,3,76,2024-02-02 18:25:23,2024-02-02 18:25:23
60,Tiliqua scincoides,Cooperia Herb.,no_image.png,5967,3,1,77,2024-02-02 18:25:23,2024-02-02 18:25:23
61,Alopochen aegyptiacus,Streptopus amplexifolius (L.) DC. var. chalazatus Fassett,no_image.png,6634,15,1,55,2024-02-02 18:25:23,2024-02-02 18:25:23
62,Bubalornis niger,Scutellaria cardiophylla Engelm. & A. Gray,no_image.png,9455,4,2,56,2024-02-02 18:25:23,2024-02-02 18:25:23
63,Oxybelis fulgidus,Gypsophila paniculata L.,no_image.png,9898,11,1,57,2024-02-02 18:25:23,2024-02-02 18:25:23
64,Phalacrocorax carbo,Psychotria maleolens Urb.,no_image.png,2511,5,1,58,2024-02-02 18:25:23,2024-02-02 18:25:23
65,Pedetes capensis,Alopecurus carolinianus Walter,no_image.png,2678,2,2,59,2024-02-02 18:25:23,2024-02-02 18:25:23
66,Paroaria gularis,Grammitis aspleniifolia (L.) Proctor,no_image.png,4505,18,3,60,2024-02-02 18:25:23,2024-02-02 18:25:23
67,Morelia spilotes variegata,Valeriana edulis Nutt. ex Torr. & A. Gray,no_image.png,9585,20,1,61,2024-02-02 18:25:23,2024-02-02 18:25:23
68,Aegypius tracheliotus,Lilium grayi S. Watson,no_image.png,1788,8,2,62,2024-02-02 18:25:23,2024-02-02 18:25:23
69,Raphicerus campestris,Eriogonum hylophilum Reveal & Brotherson,no_image.png,4405,19,2,63,2024-02-02 18:25:23,2024-02-02 18:25:23
70,Eumetopias jubatus,Tabebuia rigida Urb.,no_image.png,4114,14,2,64,2024-02-02 18:25:23,2024-02-02 18:25:23
71,Agelaius phoeniceus,Olearia Moench,no_image.png,7016,6,2,65,2024-02-02 18:25:23,2024-02-02 18:25:23
72,Uraeginthus granatina,Veratrum californicum Durand var. californicum,no_image.png,797,13,2,66,2024-02-02 18:25:23,2024-02-02 18:25:23
73,Crax sp.,Crataegus douglasii Lindl.,no_image.png,3396,12,1,67,2024-02-02 18:25:23,2024-02-02 18:25:23
74,Hystrix cristata,Cladonia stricta (Nyl.) Nyl.,no_image.png,7061,6,1,68,2024-02-02 18:25:23,2024-02-02 18:25:23
75,Estrilda erythronotos,Hilaria belangeri (Steud.) Nash var. longifolia (Vasey) Hitchc.,no_image.png,3164,20,1,69,2024-02-02 18:25:23,2024-02-02 18:25:23
76,Drymarchon corias couperi,Lotus strigosus (Nutt.) Greene var. hirtellus (Greene) Ottley,no_image.png,2045,5,1,70,2024-02-02 18:25:23,2024-02-02 18:25:23
77,Trichosurus vulpecula,Paspalum guenoarum Arechav.,no_image.png,3403,20,1,71,2024-02-02 18:25:23,2024-02-02 18:25:23
78,Anastomus oscitans,Brickellia californica (Torr. & A. Gray) A. Gray,no_image.png,7677,10,3,72,2024-02-02 18:25:23,2024-02-02 18:25:23
79,Spizaetus coronatus,Psidium calyptranthoides Alain,no_image.png,8152,14,3,73,2024-02-02 18:25:23,2024-02-02 18:25:23
80,Megaderma spasma,Cladonia turgida Hoffm.,no_image.png,1973,11,3,74,2024-02-02 18:25:23,2024-02-02 18:25:23
81,Laniaurius atrococcineus,Synthyris missurica (Raf.) Pennell ssp. hirsuta Pennell,no_image.png,1250,11,3,75,2024-02-02 18:25:23,2024-02-02 18:25:23
82,Eumetopias jubatus,Notholaena grayi Davenport,no_image.png,10,20,3,76,2024-02-02 18:25:23,2024-02-02 18:25:23
83,Plectopterus gambensis,Lechea racemulosa Michx.,no_image.png,8766,6,1,77,2024-02-02 18:25:23,2024-02-02 18:25:23
84,Mazama gouazoubira,Millettia Wight & Arn.,no_image.png,9230,6,1,55,2024-02-02 18:25:23,2024-02-02 18:25:23
85,Plegadis ridgwayi,Astragalus duchesnensis M.E. Jones,no_image.png,1276,18,1,56,2024-02-02 18:25:23,2024-02-02 18:25:23
86,Panthera leo,Rubus riograndis L.H. Bailey,no_image.png,2109,2,3,57,2024-02-02 18:25:23,2024-02-02 18:25:23
87,Fratercula corniculata,Chamaesaracha villosa Rydb.,no_image.png,3002,20,2,58,2024-02-02 18:25:23,2024-02-02 18:25:23
88,Bos taurus,Angelica wheeleri S. Watson,no_image.png,4175,16,2,59,2024-02-02 18:25:23,2024-02-02 18:25:23
89,Cebus albifrons,Clematis socialis Kral,no_image.png,6019,13,2,60,2024-02-02 18:25:23,2024-02-02 18:25:23
90,Mephitis mephitis,Lecidea plebeja Nyl.,no_image.png,1939,4,2,61,2024-02-02 18:25:23,2024-02-02 18:25:23
91,Ciconia episcopus,Dermiscellum catawbense (Willey) Hafellner & Poelt,no_image.png,3674,7,1,62,2024-02-02 18:25:23,2024-02-02 18:25:23
92,Mycteria leucocephala,Darmera Voss,no_image.png,1031,19,1,63,2024-02-02 18:25:23,2024-02-02 18:25:23
93,Centrocercus urophasianus,Scirpus diffusus Schuyler,no_image.png,5626,11,3,64,2024-02-02 18:25:23,2024-02-02 18:25:23
94,Sarcophilus harrisii,Polygonum persicaria L.,no_image.png,3443,15,3,65,2024-02-02 18:25:23,2024-02-02 18:25:23
95,Numida meleagris,Gentiana newberryi A. Gray var. tiogana (A. Heller) J. Pringle,no_image.png,9325,2,1,66,2024-02-02 18:25:23,2024-02-02 18:25:23
96,Crocodylus niloticus,Eugenia glabrata (Sw.) DC.,no_image.png,2252,4,2,67,2024-02-02 18:25:23,2024-02-02 18:25:23
97,Tenrec ecaudatus,Senna ligustrina (L.) Irwin & Barneby,no_image.png,7597,2,2,68,2024-02-02 18:25:23,2024-02-02 18:25:23
98,Uraeginthus angolensis,Microthlaspi perfoliatum (L.) F.K. Mey.,no_image.png,3647,15,2,69,2024-02-02 18:25:23,2024-02-02 18:25:23
99,Chlamydosaurus kingii,Viola pinetorum Greene var. pinetorum,no_image.png,7794,17,2,70,2024-02-02 18:25:23,2024-02-02 18:25:23
100,Lasiodora parahybana,Shinnersoseris rostrata (A. Gray) S. Tomb,no_image.png,606,1,2,71,2024-02-02 18:25:23,2024-02-02 18:25:23
101,Laniaurius atrococcineus,Trichomanes minutum Blume,no_image.png,8093,6,1,72,2024-02-02 18:25:23,2024-02-02 18:25:23
102,Thylogale stigmatica,Antidaphne Poepp. & Endl.,no_image.png,937,14,1,73,2024-02-02 18:25:23,2024-02-02 18:25:23
103,Sylvicapra grimma,Croton sonorae Torr.,no_image.png,6588,9,3,74,2024-02-02 18:25:23,2024-02-02 18:25:23
104,Vanessa indica,Hesperocallis undulata A. Gray,no_image.png,3719,14,3,75,2024-02-02 18:25:23,2024-02-02 18:25:23
105,Dasyurus viverrinus,Crotalaria juncea L.,no_image.png,977,18,1,76,2024-02-02 18:25:23,2024-02-02 18:25:23
106,Orcinus orca,Minuartia biflora (L.) Schinz & Thell.,no_image.png,3575,20,2,77,2024-02-02 18:25:23,2024-02-02 18:25:23
107,Zenaida galapagoensis,"Weissia inoperculata (H.A. Crum) H.A. Crum, Steere & L.E. Anderson",no_image.png,8217,1,3,55,2024-02-02 18:25:23,2024-02-02 18:25:23
108,Bettongia penicillata,Lomatium hendersonii (J.M. Coult. & Rose) J.M. Coult. & Rose,no_image.png,9464,10,1,66,2024-02-02 18:25:23,2024-02-02 18:25:23
109,Cervus duvauceli,Coreopsis hamiltonii (Elmer) H. Sharsm.,no_image.png,3163,2,2,66,2024-02-02 18:25:23,2024-02-02 18:25:23
